<?xml version="1.0" encoding="UTF-8" ?>
<!DOCTYPE mapper
 PUBLIC "-//mybatis.org//DTD Mapper 3.0//EN"
 "http://mybatis.org/dtd/mybatis-3-mapper.dtd">

<mapper namespace="com.bjpowernode.mapper.UserMapper">
    <insert id="insert" useGeneratedKeys="true" keyProperty="id" keyColumn="id">
        insert into u_user values(
            #{id},
            #{phone},
            #{loginPassword},
            #{name},
            #{idCard},
            #{addTime},
            #{lastLoginTime},
            #{headerImage}
        )
    </insert>

    <!--1: true, 0: false-->
    <select id="checkExists" resultType="boolean">
        select count(*) from u_user where phone=#{phone}
    </select>

    <select id="getLoginUser" resultType="User">
        select * from u_user where phone=#{phone} and login_password=#{password}
    </select>
    
    <select id="getByPhone" resultType="User">
        select * from u_user where phone=#{phone}
    </select>

    <select id="getCount" resultType="int">
        select count(*) from u_user
    </select>

    <update id="realName">
        update u_user set name=#{name},id_card=#{idCard} where id=#{userId}
    </update>
    <update id="updateLastLoginTime">
        update u_user set last_login_time=#{date} where phone=#{phone}
    </update>
</mapper>