<?xml version="1.0" encoding="UTF-8" ?>
<!DOCTYPE mapper
        PUBLIC "-//mybatis.org//DTD Mapper 3.0//EN"
        "http://mybatis.org/dtd/mybatis-3-mapper.dtd">

<mapper namespace="com.bjpowernode.mapper.BidInfoMapper">
    <select id="getSumMoney" resultType="decimal">
        select sum(bid_money)
        from b_bid_info
        where bid_status = 1
    </select>

    <select id="getTop3" resultType="map">
        select u.phone,
               sum(bid_money) as totalMoney
        from b_bid_info b
                     left join u_user u on b.uid = u.id
        where b.bid_status = 1
        group by b.uid
        order by totalMoney desc
        limit 3
    </select>
    
    <resultMap id="BidInfoMap" type="BidInfo">
        <!--
            property: 类中的属性名
            column: 查询字段名
        -->
        <result property="id" column="a_id" />
        <result property="prodId" column="a_prod_id" />
        <result property="uid" column="a_uid" />
        <result property="bidMoney" column="a_bid_money" />
        <result property="bidTime" column="a_bid_time" />
        <result property="bidStatus" column="a_bid_status" />

        <!--映射对象中属性和查询字段的关系-->
        <association property="product" javaType="Product">
            <result property="id" column="b_id" />
            <result property="productName" column="b_product_name" />
            <result property="rate" column="b_rate" />
            <result property="cycle" column="b_cycle" />
            <result property="releaseTime" column="b_release_time" />
            <result property="productType" column="b_product_type" />
            <result property="productNo" column="b_product_no" />
            <result property="productMoney" column="b_product_money" />
            <result property="leftProductMoney" column="b_left_product_money" />
            <result property="bidMinLimit" column="b_bid_min_limit" />
            <result property="bidMaxLimit" column="b_bid_max_limit" />
            <result property="productStatus" column="b_product_status" />
            <result property="productFullTime" column="b_product_full_time" />
            <result property="productDesc" column="b_product_desc" />
        </association>

    </resultMap>
    
    <select id="getForLimit" resultMap="BidInfoMap">
        select
            a.id as a_id,
            a.prod_id as a_prod_id,
            a.uid as a_uid,
            a.bid_money as a_bid_money,
            a.bid_time as a_bid_time,
            a.bid_status as a_bid_status,

            b.id b_id,
            b.product_name b_product_name,
            b.rate b_rate,
            b.cycle b_cycle,
            b.release_time b_release_time,
            b.product_type b_product_type,
            b.product_no b_product_no,
            b.product_money b_product_money,
            b.left_product_money b_left_product_money,
            b.bid_min_limit b_bid_min_limit,
            b.bid_max_limit b_bid_max_limit,
            b.product_status b_product_status,
            b.product_full_time b_product_full_time,
            b.product_desc b_product_desc
        from b_bid_info a
            left join b_product_info b on a.prod_id=b.id
        where a.uid=#{uid} limit #{limit}
    </select>



    <resultMap id="BidInfoMap2" type="BidInfo">
        <!--
            property: 类中的属性名
            column: 查询字段名
        -->
        <result property="id" column="a_id" />
        <result property="prodId" column="a_prod_id" />
        <result property="uid" column="a_uid" />
        <result property="bidMoney" column="a_bid_money" />
        <result property="bidTime" column="a_bid_time" />
        <result property="bidStatus" column="a_bid_status" />

        <!--映射对象中属性和查询字段的关系-->
        <association property="user" javaType="User">
            <result property="id" column="b_id" />
            <result property="phone" column="b_phone" />
            <result property="loginPassword" column="b_login_password" />
            <result property="name" column="b_name" />
            <result property="idCard" column="b_id_card" />
            <result property="addTime" column="b_add_time" />
            <result property="lastLoginTime" column="b_last_login_time" />
            <result property="headerImage" column="b_header_image" />
        </association>

    </resultMap>

    <select id="getListByProductId" resultMap="BidInfoMap2">
        select
        a.id as a_id,
        a.prod_id as a_prod_id,
        a.uid as a_uid,
        a.bid_money as a_bid_money,
        a.bid_time as a_bid_time,
        a.bid_status as a_bid_status,

        b.id as b_id,
        b.phone as b_phone,
        b.login_password as b_login_password,
        b.name as b_name,
        b.id_card as b_id_card,
        b.add_time as b_add_time,
        b.last_login_time as b_last_login_time,
        b.header_image as b_header_image

        from b_bid_info a
        left join u_user b on a.uid=b.id
        where a.prod_id=#{pid} limit #{limit}
    </select>

    <insert id="insert">
        insert into b_bid_info values(
            #{id},
            #{prodId},
            #{uid},
            #{bidMoney},
            #{bidTime},
            #{bidStatus}
        )
    </insert>

    <select id="getByProductId" resultType="BidInfo">
        select * from b_bid_info where prod_id=#{id} and bid_status=1
    </select>
</mapper>