<?xml version="1.0" encoding="UTF-8" ?>
<!DOCTYPE mapper
 PUBLIC "-//mybatis.org//DTD Mapper 3.0//EN"
 "http://mybatis.org/dtd/mybatis-3-mapper.dtd">

<mapper namespace="com.bjpowernode.mapper.ProductMapper">
    <select id="getAvgRate" resultType="double">
        select avg(rate) from b_product_info
    </select>
    
    <select id="getNewProduct" resultType="Product">
        <![CDATA[
            select * from b_product_info where product_type=0 and left_product_money<>0 limit 1
        ]]>
    </select>
    <select id="getByTypeAndCycle" resultType="Product">
        select * from b_product_info where product_type=#{type} and cycle=#{cycle} and left_product_money!=0 limit 1
    </select>
    <select id="getByType" resultType="Product">
        select * from b_product_info where product_type=#{type} and left_product_money!=0 limit #{start},#{length}
    </select>
    <select id="getCountByType" resultType="int">
        select count(*) from b_product_info where product_type=#{type} and left_product_money!=0
    </select>
    <select id="getById" resultType="Product">
        select * from b_product_info where id=#{id}
    </select>
    <update id="deduction">
        update b_product_info set left_product_money=left_product_money-#{money}
        where id=#{pid} and left_product_money>=#{money}
    </update>
    <update id="setFull">
        update b_product_info set product_status=1,product_full_time=#{date} where id=#{pid}
    </update>
    <select id="getFullProduct" resultType="Product">
        select * from b_product_info where product_status=1
    </select>
    <update id="setStatus">
        update b_product_info set product_status=#{status} where id=#{id}
    </update>
</mapper>